time (ms),X-Axis Acc (G),Y-Axis Acc (G),Z-Axis Acc (G),ADC (mV),CAN ID,CAN Data,GNSS Data
1,0.041520507812499996,0.01877734375000001,0.99921484375,2482.7586206896553,b'00',b'00',"$GPGLL,0000.02019,S,00000.01056,E,202726.000,V,N*57"
2,0.041154296874999996,0.01889941406250001,0.9988486328125,2484.40065681445,b'00',b'00',"$GPGLL,0000.02019,S,00000.01056,E,202727.000,V,N*56"
3,0.041337402343749996,0.02036425781250001,0.9988486328125,2484.40065681445,b'00',b'00',"$GPGLL,0000.02019,S,00000.01056,E,202728.000,V,N*59"
4,0.042130859374999996,0.01938769531250001,0.99952001953125,2486.0426929392447,b'00',b'00',"$GPGLL,0000.02019,S,00000.01056,E,202729.000,V,N*58"
5,0.040604980468749996,0.02024218750000001,0.9990927734375,2485.2216748768474,b'00',b'00',"$GPGLL,0000.02019,S,00000.01056,E,202730.000,V,N*50"
6,0.040482910156249996,0.02030322265625001,0.99964208984375,2486.0426929392447,b'00',b'00',"$GPGLL,0000.02019,S,00000.01056,E,202731.000,V,N*51"
